{
  "usingComponents": {
    "van-uploader": "@vant/weapp/uploader/index",
    "van-field": "@vant/weapp/field/index",
    "van-picker": "@vant/weapp/picker/index",
    "van-overlay": "@vant/weapp/overlay/index",
    "van-button": "@vant/weapp/button/index",
    "van-image": "@vant/weapp/image/index",
    "van-toast": "@vant/weapp/toast/index",
    "van-card": "@vant/weapp/card/index",
    "van-swipe-cell": "@vant/weapp/swipe-cell/index",
    "van-cell": "@vant/weapp/cell/index",
    "van-dialog": "@vant/weapp/dialog/index",
    "van-empty": "@vant/weapp/empty/index"
    
  }
}