{"_id":"8a6c3bf65f47d09d006554cd502e4f6a","is_deleted":false,"name":"服饰","parent_id":"","sort_order":0.0,"status":0.0,"update_time":{"$date":"2020-08-27T15:25:57.456Z"},"create_time":{"$date":"2020-08-27T15:25:48.703Z"},"cid":0.0}
{"_id":"aa133ce55f47d14c006000877e80801d","sort_order":0.0,"status":0.0,"update_time":{"$date":"2020-08-27T15:29:08.383Z"},"create_time":{"$date":"2020-08-27T15:29:01.919Z"},"is_deleted":false,"name":"数码","parent_id":"","cid":1.0}
{"_id":"60173c665f4d096400a223bf5860b943","sort_order":0.0,"status":0.0,"update_time":{"$date":"2020-08-31T14:29:48.849Z"},"create_time":{"$date":"2020-08-31T14:29:37.529Z"},"is_deleted":false,"name":"洗护/家居","parent_id":"","cid":2.0}
{"_id":"6518b7395f4d0a6700b1fb546cca958c","update_time":{"$date":"2020-08-31T14:34:07.257Z"},"create_time":{"$date":"2020-08-31T14:33:58.097Z"},"is_deleted":false,"name":"书籍/学习","parent_id":"","sort_order":0.0,"status":0.0,"cid":3.0}
{"_id":"6518b7395f4d0b3800b209f026c2639a","create_time":{"$date":"2020-08-31T14:37:31.145Z"},"is_deleted":false,"name":"食品","parent_id":"","sort_order":0.0,"status":0.0,"update_time":{"$date":"2020-08-31T14:37:37.473Z"},"cid":4.0}
{"_id":"8a6c3bf65f4d0be70095b93c59a888f5","is_deleted":false,"name":"体育/出行","parent_id":"","sort_order":0.0,"status":0.0,"update_time":{"$date":"2020-08-31T14:40:31.553Z"},"create_time":{"$date":"2020-08-31T14:40:22.105Z"},"cid":5.0}
{"_id":"74b3e15b5f54cab1001b1a9f7f1fb6ea","cid":6.0,"create_time":{"$date":"2020-09-06T11:40:26.066Z"},"name":"虚拟产品","sort_order":0.0,"update_time":{"$date":"2020-09-06T11:40:33.498Z"},"is_deleted":false,"status":0.0,"parent_id":""}
