{"_id":"2c9645925f99575b002b52e11aca8c13","cid":1,"content":"暑假买的ipadpro,256GB,11寸","img_url":["cloud://dreamland2-a708ef.6472-dreamland2-a708ef-1259161827/commodity/1603884884419-2719160.173708162.jpg","cloud://dreamland2-a708ef.6472-dreamland2-a708ef-1259161827/commodity/1603884886640-8728976.024196927.jpg","cloud://dreamland2-a708ef.6472-dreamland2-a708ef-1259161827/commodity/1603884888754-6201790.926228321.jpg"],"number":1,"origin_url":"","price_now":3999,"price_origin":4799,"remark":"9成新ipadpro","thumbnail_url":["cloud://dreamland2-a708ef.6472-dreamland2-a708ef-1259161827/commodity/1603884882690-117921.17281289816.jpg"],"title":"ipadpro2018","uid":10698,"user_id":"oaj3I5e3pQpDp5iIahP7IQrXyo7Y","status":0,"create_time":"2020-10-28T11:34:51.361Z","update_time":{"$date":"2020-10-29T08:37:45.076Z"},"is_deleted":true,"_updateTime":1603933775657}
{"_id":"112557505f9957fb002cbb317203f1ad","cid":1,"content":"kindle青春版，带保护套","img_url":["cloud://dreamland2-a708ef.6472-dreamland2-a708ef-1259161827/commodity/1603885046150-1537266.9309073684.jpg","cloud://dreamland2-a708ef.6472-dreamland2-a708ef-1259161827/commodity/1603885048255-7764845.265938374.jpg"],"number":1,"origin_url":" https://m.tb.cn/h.41CZNU2?sm=f09631 ","price_now":200,"price_origin":599,"remark":"","thumbnail_url":["cloud://dreamland2-a708ef.6472-dreamland2-a708ef-1259161827/commodity/1603885044660-4763709.683214396.jpg"],"title":"kindle","uid":10698,"user_id":"oaj3I5e3pQpDp5iIahP7IQrXyo7Y","status":0,"create_time":"2020-10-28T11:37:31.088Z","update_time":"2020-10-28T15:50:13.318Z","is_deleted":false,"_updateTime":1603933826212}
{"_id":"2c9645925f995876002b5508720ffb13","cid":0,"content":"暑假买的帆布包，耐用防水，可以放电脑","img_url":["cloud://dreamland2-a708ef.6472-dreamland2-a708ef-1259161827/commodity/1603885163663-6910480.248488533.jpg","cloud://dreamland2-a708ef.6472-dreamland2-a708ef-1259161827/commodity/1603885165822-856955.832601225.jpg","cloud://dreamland2-a708ef.6472-dreamland2-a708ef-1259161827/commodity/1603885167424-7779271.715570209.jpg","cloud://dreamland2-a708ef.6472-dreamland2-a708ef-1259161827/commodity/1603885170531-9002518.34651326.jpg"],"number":1.0,"origin_url":"","price_now":40,"price_origin":80,"remark":"二手帆布包","thumbnail_url":["cloud://dreamland2-a708ef.6472-dreamland2-a708ef-1259161827/commodity/1603885161999-3021366.1081704623.jpg"],"title":"帆布包","uid":10698,"user_id":"oaj3I5e3pQpDp5iIahP7IQrXyo7Y","status":0.0,"create_time":"2020-10-28T11:39:34.409Z","update_time":{"$date":"2020-10-29T01:46:15.014Z"},"is_deleted":true,"_updateTime":1603933807761}
{"_id":"8f29e52a5f9958cc00284fc3561459fc","cid":3,"content":"未开封书籍","img_url":["cloud://dreamland2-a708ef.6472-dreamland2-a708ef-1259161827/commodity/1603885257735-2060119.4220302333.jpg"],"number":1.0,"origin_url":"","price_now":20.0,"price_origin":35.0,"remark":"","thumbnail_url":["cloud://dreamland2-a708ef.6472-dreamland2-a708ef-1259161827/commodity/1603885256108-800780.2465028857.jpg"],"title":"村上春树 眠","uid":10698,"user_id":"oaj3I5e3pQpDp5iIahP7IQrXyo7Y","status":0.0,"create_time":{"$date":"2020-10-28T11:41:00.331Z"},"update_time":{"$date":"2020-10-29T01:45:57.092Z"},"is_deleted":true}
{"_id":"8f29e52a5f9959e60028521d0dc0aa16","cid":1,"content":"智能手环，好用","img_url":["cloud://dreamland2-a708ef.6472-dreamland2-a708ef-1259161827/commodity/1603885537213-4999001.712081999.jpg","cloud://dreamland2-a708ef.6472-dreamland2-a708ef-1259161827/commodity/1603885539272-8706530.20095642.jpg"],"number":0,"origin_url":"","price_now":199.0,"price_origin":299.0,"remark":"","thumbnail_url":["cloud://dreamland2-a708ef.6472-dreamland2-a708ef-1259161827/commodity/1603885535251-2496056.501437034.jpg"],"title":"智能手环","uid":10698,"user_id":"oaj3I5e3pQpDp5iIahP7IQrXyo7Y","status":1,"create_time":{"$date":"2020-10-28T11:45:42.268Z"},"update_time":{"$date":"2020-10-29T08:34:27.839Z"},"is_deleted":true}
{"_id":"fc61cd8c5f9a7fc800000ac4251ce850","cid":4,"content":"中秋国庆双节，学校发的月饼，一盒里有两个","img_url":["cloud://dreamland2-a708ef.6472-dreamland2-a708ef-1259161827/commodity/1603960775909-9620520.893369175.jpg"],"number":1,"origin_url":"","price_now":9,"price_origin":99,"remark":"","thumbnail_url":["cloud://dreamland2-a708ef.6472-dreamland2-a708ef-1259161827/commodity/1603960774279-5452827.602464978.jpg"],"title":"月饼","uid":10698,"user_id":"oaj3I5XMa3KVCGKYVdioJ0_skpU8","status":0,"create_time":{"$date":"2020-10-29T08:39:36.353Z"},"update_time":{"$date":"2020-10-29T08:39:36.353Z"},"is_deleted":true}
