{"_id":"c4747cd45f9992fb0021faf8492a02cd","commodity_id":"2c9645925f99575b002b52e11aca8c13","content":"阿巴阿巴","user_id":"oaj3I5a0M8E0qYkvubFWHqGzlboo","create_time":{"$date":"2020-10-28T15:49:15.23Z"},"update_time":{"$date":"2020-10-28T15:49:15.23Z"},"is_deleted":true}
{"_id":"d9ea4cfd5f9a0e6800276d984e9faa4f","commodity_id":"c4747cd45f99984e0021ff372f6b2b2b","content":"困死了","user_id":"oaj3I5XMa3KVCGKYVdioJ0_skpU8","create_time":{"$date":"2020-10-29T00:35:52.437Z"},"update_time":{"$date":"2020-10-29T00:35:52.437Z"},"is_deleted":true}
{"_id":"d6b130aa5f9a7e1e0000095e34142213","commodity_id":"8f29e52a5f9959e60028521d0dc0aa16","content":"用了多长时间了啊","user_id":"oaj3I5XMa3KVCGKYVdioJ0_skpU8","create_time":{"$date":"2020-10-29T08:32:30.583Z"},"update_time":{"$date":"2020-10-29T08:32:30.583Z"},"is_deleted":true}
{"_id":"4c86bd845f9a7e3c000007577b836e57","commodity_id":"8f29e52a5f9959e60028521d0dc0aa16","content":"有包装盒吗？","user_id":"oaj3I5XMa3KVCGKYVdioJ0_skpU8","create_time":{"$date":"2020-10-29T08:33:00.981Z"},"update_time":{"$date":"2020-10-29T08:33:00.981Z"},"is_deleted":true}
{"_id":"4c86bd845f9d0850000332cd4e1ad403","commodity_id":"112557505f9957fb002cbb317203f1ad","content":"在吗","user_id":"oaj3I5c7DlyYQ2-bYsOY15M-0Mes","create_time":{"$date":"2020-10-31T06:46:40.073Z"},"update_time":{"$date":"2020-10-31T06:46:40.073Z"},"is_deleted":true}
{"_id":"13c6ced75f9d0cad0002aea44f93f194","commodity_id":"8f29e52a5f9958cc00284fc3561459fc","content":"","user_id":"oaj3I5YsOKyoN7RMb9uapJFiRTjo","create_time":{"$date":"2020-10-31T07:05:17.817Z"},"update_time":{"$date":"2020-10-31T07:05:17.817Z"},"is_deleted":true}
