{"_id":"d9ea4cfd5f9993080027270d53490f0c","commodity_id":"2c9645925f99575b002b52e11aca8c13","content":"阿巴阿巴","question_id":"c4747cd45f9992fb0021faf8492a02cd","user_id":"oaj3I5a0M8E0qYkvubFWHqGzlboo","create_time":{"$date":"2020-10-28T15:49:28.846Z"},"update_time":{"$date":"2020-10-28T15:49:28.846Z"},"is_deleted":true}
{"_id":"fc61cd8c5f9a7e56000008e5285d6428","commodity_id":"8f29e52a5f9959e60028521d0dc0aa16","content":"3天","question_id":"d6b130aa5f9a7e1e0000095e34142213","user_id":"oaj3I5XMa3KVCGKYVdioJ0_skpU8","create_time":{"$date":"2020-10-29T08:33:26.313Z"},"update_time":{"$date":"2020-10-29T08:33:26.313Z"},"is_deleted":true}
{"_id":"4c86bd845f9a7e64000007795bb7b7e6","commodity_id":"8f29e52a5f9959e60028521d0dc0aa16","content":"一个星期","question_id":"d6b130aa5f9a7e1e0000095e34142213","user_id":"oaj3I5XMa3KVCGKYVdioJ0_skpU8","create_time":{"$date":"2020-10-29T08:33:40.947Z"},"update_time":{"$date":"2020-10-29T08:33:40.947Z"},"is_deleted":true}
{"_id":"4c86bd845f9a7e6d00000786029e8fbd","commodity_id":"8f29e52a5f9959e60028521d0dc0aa16","content":"两周","question_id":"d6b130aa5f9a7e1e0000095e34142213","user_id":"oaj3I5XMa3KVCGKYVdioJ0_skpU8","create_time":{"$date":"2020-10-29T08:33:49.53Z"},"update_time":{"$date":"2020-10-29T08:33:49.53Z"},"is_deleted":true}
