{"_id":"4c86bd845f9a7e93000007b9242ffb30","buyerPrimaryKey":"112557505f9a5ca9002dfd1134bb5e55","check":1603960460115,"commodity_id":"8f29e52a5f9959e60028521d0dc0aa16","number":1,"price_now":199,"price_origin":199,"sellerPrimaryKey":"c4747cd45f99566f0021a2227f06c6e1","seller_id":"oaj3I5e3pQpDp5iIahP7IQrXyo7Y","title":"智能手环","total_price":199,"transaction_no":"1603960467941-4512","buyer_id":"oaj3I5XMa3KVCGKYVdioJ0_skpU8","status":1,"seller_status":0,"buyer_status":0,"create_time":{"$date":"2020-10-29T08:34:27.985Z"},"update_time":{"$date":"2020-10-29T08:34:27.985Z"},"end_time":{"$date":"2020-11-05T10:00:02.017Z"},"is_deleted":true}
{"_id":"13c6ced75f9a7f51000006f33e21b7bb","buyerPrimaryKey":"112557505f9a5ca9002dfd1134bb5e55","check":1603960655091,"commodity_id":"2c9645925f99575b002b52e11aca8c13","number":1,"price_now":3999,"price_origin":3999,"sellerPrimaryKey":"c4747cd45f99566f0021a2227f06c6e1","seller_id":"oaj3I5e3pQpDp5iIahP7IQrXyo7Y","title":"ipadpro2018","total_price":3999,"transaction_no":"1603960657445-6292","buyer_id":"oaj3I5XMa3KVCGKYVdioJ0_skpU8","status":2,"seller_status":0,"buyer_status":0,"create_time":{"$date":"2020-10-29T08:37:37.481Z"},"update_time":{"$date":"2020-10-29T08:37:44.985Z"},"end_time":{"$date":"2020-10-29T08:37:44.985Z"},"is_deleted":true}
