{"_id":"8a6c3bf65f47cec2006538930627a6e3","province":"陕西","update_time":{"$date":"2020-08-27T15:17:46.671Z"},"create_time":{"$date":"2020-08-27T15:17:35.936Z"},"is_deleted":false,"name":"西安交通大学","uid":10698.0,"status":0.0}
{"_id":"6518b7395f47cf3a0079268e3008c9a7","create_time":{"$date":"2020-08-27T15:20:09.384Z"},"is_deleted":false,"name":"西北工业大学","province":"陕西","update_time":{"$date":"2020-08-27T15:20:16.792Z"},"uid":10699.0,"status":0.0}
{"_id":"b5416b755f4ca95000cd32526538a90d","create_time":{"$date":"2020-08-31T07:39:51.321Z"},"name":"南京大学","uid":10284.0,"update_time":{"$date":"2020-08-31T07:40:00.201Z"},"status":0.0,"is_deleted":false,"province":"江苏"}
{"_id":"595282015f50c83a001d637c471a4397","update_time":{"$date":"2020-09-03T10:40:49.475Z"},"create_time":{"$date":"2020-09-03T10:40:40.851Z"},"is_deleted":false,"name":"北京大学","status":0.0,"uid":10001.0,"province":"北京"}
{"_id":"44e883245f50cb9000284ad4066e602c","province":"上海","update_time":{"$date":"2020-08-27T15:17:46.671Z"},"create_time":{"$date":"2020-08-27T15:17:35.936Z"},"is_deleted":false,"name":"复旦大学","uid":10246,"status":0}
{"_id":"44e883245f50cb9000284acc3f4b34f9","province":"北京","update_time":{"$date":"2020-08-27T15:17:46.671Z"},"create_time":{"$date":"2020-08-27T15:17:35.936Z"},"is_deleted":false,"name":"北京航空航天大学","uid":10006,"status":0}
{"_id":"44e883245f50cb9000284aca1bc8ba00","province":"北京","update_time":{"$date":"2020-08-27T15:17:46.671Z"},"create_time":{"$date":"2020-08-27T15:17:35.936Z"},"is_deleted":false,"name":"北京交通大学","uid":10004,"status":0}
{"_id":"44e883245f50cb9000284ad933e187ce","province":"浙江","update_time":{"$date":"2020-08-27T15:17:46.671Z"},"create_time":{"$date":"2020-08-27T15:17:35.936Z"},"is_deleted":false,"name":"浙江大学","uid":10335,"status":0}
{"_id":"44e883245f50cb9000284ac93b6499d6","province":"北京","update_time":{"$date":"2020-08-27T15:17:46.671Z"},"create_time":{"$date":"2020-08-27T15:17:35.936Z"},"is_deleted":false,"name":"清华大学","uid":10003,"status":0}
{"_id":"44e883245f50cb9000284ada70e18651","province":"安徽","update_time":{"$date":"2020-08-27T15:17:46.671Z"},"create_time":{"$date":"2020-08-27T15:17:35.936Z"},"is_deleted":false,"name":"中国科学技术大学","uid":10358,"status":0}
{"_id":"44e883245f50cb9000284add29d1d667","province":"山东","update_time":{"$date":"2020-08-27T15:17:46.671Z"},"create_time":{"$date":"2020-08-27T15:17:35.936Z"},"is_deleted":false,"name":"中国海洋大学","uid":10423,"status":0}
{"_id":"44e883245f50cb9000284ac847e7a334","province":"北京","update_time":{"$date":"2020-08-27T15:17:46.671Z"},"create_time":{"$date":"2020-08-27T15:17:35.936Z"},"is_deleted":false,"name":"中国人民大学","uid":10002,"status":0}
{"_id":"44e883245f50cb9000284ad072ffa97e","province":"天津","update_time":{"$date":"2020-08-27T15:17:46.671Z"},"create_time":{"$date":"2020-08-27T15:17:35.936Z"},"is_deleted":false,"name":"天津大学","uid":10056,"status":0}
{"_id":"44e883245f50cb9000284adf10512f1e","province":"湖北","update_time":{"$date":"2020-08-27T15:17:46.671Z"},"create_time":{"$date":"2020-08-27T15:17:35.936Z"},"is_deleted":false,"name":"华中科技大学","uid":10487,"status":0}
{"_id":"44e883245f50cb9000284ad50ae8c2ba","province":"上海","update_time":{"$date":"2020-08-27T15:17:46.671Z"},"create_time":{"$date":"2020-08-27T15:17:35.936Z"},"is_deleted":false,"name":"同济大学","uid":10247,"status":0}
{"_id":"44e883245f50cb9000284ad822fa1475","province":"江苏","update_time":{"$date":"2020-08-27T15:17:46.671Z"},"create_time":{"$date":"2020-08-27T15:17:35.936Z"},"is_deleted":false,"name":"东南大学","uid":10286,"status":0}
{"_id":"44e883245f50cb9000284ae44e28f18e","province":"四川","update_time":{"$date":"2020-08-27T15:17:46.671Z"},"create_time":{"$date":"2020-08-27T15:17:35.936Z"},"is_deleted":false,"name":"四川大学","uid":10610,"status":0}
{"_id":"44e883245f50cb9000284acb0d583aa7","province":"北京","update_time":{"$date":"2020-08-27T15:17:46.671Z"},"create_time":{"$date":"2020-08-27T15:17:35.936Z"},"is_deleted":false,"name":"北京工业大学","uid":10005,"status":0}
{"_id":"44e883245f50cb9000284adc68199cd0","province":"山东","update_time":{"$date":"2020-08-27T15:17:46.671Z"},"create_time":{"$date":"2020-08-27T15:17:35.936Z"},"is_deleted":false,"name":"山东大学","uid":10422,"status":0}
{"_id":"44e883245f50cb9000284acd7787e573","province":"北京","update_time":{"$date":"2020-08-27T15:17:46.671Z"},"create_time":{"$date":"2020-08-27T15:17:35.936Z"},"is_deleted":false,"name":"北京理工大学","uid":10007,"status":0}
{"_id":"44e883245f50cb9000284ace71b89011","province":"北京","update_time":{"$date":"2020-08-27T15:17:46.671Z"},"create_time":{"$date":"2020-08-27T15:17:35.936Z"},"is_deleted":false,"name":"北京邮电大学","uid":10013,"status":0}
{"_id":"44e883245f50cb9000284adb47ea3dde","province":"福建","update_time":{"$date":"2020-08-27T15:17:46.671Z"},"create_time":{"$date":"2020-08-27T15:17:35.936Z"},"is_deleted":false,"name":"厦门大学","uid":10384,"status":0}
{"_id":"44e883245f50cb9000284ae6558a01d6","province":"四川","update_time":{"$date":"2020-08-27T15:17:46.671Z"},"create_time":{"$date":"2020-08-27T15:17:35.936Z"},"is_deleted":false,"name":"电子科技大学","uid":10614,"status":0}
{"_id":"44e883245f50cb9000284ae154eabc23","province":"湖南","update_time":{"$date":"2020-08-27T15:17:46.671Z"},"create_time":{"$date":"2020-08-27T15:17:35.936Z"},"is_deleted":false,"name":"中南大学","uid":10533,"status":0}
{"_id":"44e883245f50cb9000284ad12b47529b","province":"辽宁","update_time":{"$date":"2020-08-27T15:17:46.671Z"},"create_time":{"$date":"2020-08-27T15:17:35.936Z"},"is_deleted":false,"name":"大连理工大学","uid":10141,"status":0}
{"_id":"44e883245f50cb9000284ad25a3f6409","province":"吉林","update_time":{"$date":"2020-08-27T15:17:46.671Z"},"create_time":{"$date":"2020-08-27T15:17:35.936Z"},"is_deleted":false,"name":"吉林大学","uid":10183,"status":0}
{"_id":"44e883245f50cb9000284ad732cb61c3","province":"上海","update_time":{"$date":"2020-08-27T15:17:46.671Z"},"create_time":{"$date":"2020-08-27T15:17:35.936Z"},"is_deleted":false,"name":"华东师范大学","uid":10269,"status":0}
{"_id":"44e883245f50cb9000284ad346da1dc1","province":"黑龙江","update_time":{"$date":"2020-08-27T15:17:46.671Z"},"create_time":{"$date":"2020-08-27T15:17:35.936Z"},"is_deleted":false,"name":"哈尔滨工业大学","uid":10213,"status":0}
{"_id":"44e883245f50cb9000284ae51e31fddb","province":"四川","update_time":{"$date":"2020-08-27T15:17:46.671Z"},"create_time":{"$date":"2020-08-27T15:17:35.936Z"},"is_deleted":false,"name":"西南交通大学","uid":10613,"status":0}
{"_id":"44e883245f50cb9000284ad66ed8bf2a","province":"上海","update_time":{"$date":"2020-08-27T15:17:46.671Z"},"create_time":{"$date":"2020-08-27T15:17:35.936Z"},"is_deleted":false,"name":"上海交通大学","uid":10248,"status":0}
{"_id":"44e883245f50cb9000284ae209d18989","province":"广东","update_time":{"$date":"2020-08-27T15:17:46.671Z"},"create_time":{"$date":"2020-08-27T15:17:35.936Z"},"is_deleted":false,"name":"中山大学","uid":10558,"status":0}
{"_id":"44e883245f50cb9000284ae377f0eb49","province":"重庆","update_time":{"$date":"2020-08-27T15:17:46.671Z"},"create_time":{"$date":"2020-08-27T15:17:35.936Z"},"is_deleted":false,"name":"重庆大学","uid":10611,"status":0}
{"_id":"44e883245f50cb9000284ae00f5a844d","province":"湖南","update_time":{"$date":"2020-08-27T15:17:46.671Z"},"create_time":{"$date":"2020-08-27T15:17:35.936Z"},"is_deleted":false,"name":"湖南大学","uid":10532,"status":0}
{"_id":"44e883245f50cb9000284acf748ffbff","province":"天津","update_time":{"$date":"2020-08-27T15:17:46.671Z"},"create_time":{"$date":"2020-08-27T15:17:35.936Z"},"is_deleted":false,"name":"南开大学","uid":10055,"status":0}
{"_id":"44e883245f50cb9000284ade6daabe1f","province":"湖北","update_time":{"$date":"2020-08-27T15:17:46.671Z"},"create_time":{"$date":"2020-08-27T15:17:35.936Z"},"is_deleted":false,"name":"武汉大学","uid":10486,"status":0}
