{"_id":"c4747cd45f99566f0021a2227f06c6e1","avatar_url":"https://thirdwx.qlogo.cn/mmopen/vi_32/49EXUvSiaRl5rhicrPicd5Bdk6iaYqAq1Wo1CemKhIGhrZWzYCxPfyiaVBwYgbY4icEibJ7iaXUhag46pfz3bxl6z6NeUA/132","contact_info_qq":"","contact_info_wx":"test","name":"lee","uid":10698,"openid":"oaj3I5e3pQpDp5iIahP7IQrXyo7Y","student_auth":true,"total_transaction":30,"total_release":5,"create_time":{"$date":"2020-10-28T11:30:55.216Z"},"update_time":{"$date":"2020-10-29T08:37:37.384Z"},"is_deleted":false}
{"_id":"c4747cd45f99920b0021faa01fbc9dc3","avatar_url":"https://thirdwx.qlogo.cn/mmopen/vi_32/NLb6cBRh6qZ1HwOibGSo9ZnpETRtFfMicSQuL8KohTdHZENtBpO6yK52EVUn0vwGsQyLdibPB3pzKcR9PEbMqsVsQ/132","contact_info_qq":"","contact_info_wx":"","name":"1510。","uid":10698,"openid":"oaj3I5a0M8E0qYkvubFWHqGzlboo","student_auth":true,"total_transaction":15,"total_release":1,"create_time":{"$date":"2020-10-28T15:45:15.702Z"},"update_time":{"$date":"2020-10-29T01:47:54.525Z"},"is_deleted":false}
{"_id":"d9ea4cfd5f999343002727343b3e246d","avatar_url":"https://thirdwx.qlogo.cn/mmopen/vi_32/DYAIOgq83eoZh71wHFs1R7XLWzAL8yiaR4oBcZetwDj5uZbgZ5TdoX2HribaX9Uxw5r83qzqBoB9P5ZjXApLF8xQ/132","contact_info_qq":"","contact_info_wx":"","name":"坤坤","uid":10698,"openid":"oaj3I5TjNneQyqLx7-AhatbJJPLE","student_auth":true,"total_transaction":6,"total_release":1,"create_time":{"$date":"2020-10-28T15:50:27.603Z"},"update_time":{"$date":"2020-10-28T16:19:07.232Z"},"is_deleted":false}
{"_id":"4c86bd845f9d046a00032aa138827ef5","avatar_url":"https://thirdwx.qlogo.cn/mmopen/vi_32/Q0j4TwGTfTJTL1kXMgeyk75G9Yzn9ouM6GWuPnNiade4a1Z68KwNXp2fcZqVT2KJdBaaVsWkyzylgic8g2yrSQag/132","contact_info_qq":"","contact_info_wx":"","name":"abcd","uid":10698,"openid":"oaj3I5ZVHtWvfrCTwJCLke4FmPG0","student_auth":true,"total_transaction":0,"total_release":0,"create_time":{"$date":"2020-10-31T06:30:02.897Z"},"update_time":{"$date":"2020-10-31T06:41:47.551Z"},"is_deleted":false}
{"_id":"13c6ced75f9d047d0002a118609d6b9b","avatar_url":"https://thirdwx.qlogo.cn/mmopen/vi_32/Q3auHgzwzM7FXYBSK7OKad2r4dtXUbhvKVFIibScIchkGubWTia2vCgKiafOTKBF7uicHprdu11mXpthxDjaFY3yrA/132","contact_info_qq":"","contact_info_wx":"","name":"喵喵喵","uid":10698,"openid":"oaj3I5TLY-gWqYg1pPrPgGIPSzZs","student_auth":true,"total_transaction":0,"total_release":0,"create_time":{"$date":"2020-10-31T06:30:21.957Z"},"update_time":{"$date":"2020-10-31T06:30:21.957Z"},"is_deleted":false}
{"_id":"4c86bd845f9d04a800032ca15b2db388","avatar_url":"https://thirdwx.qlogo.cn/mmopen/vi_32/DYAIOgq83eoXF6qKhg8hibAxUftsPosKEiaiaNkicDsrAGJmjKtKGMSGPMBr7pibbzydLYic5icP9x8yqO5XPbay1nYrQ/132","contact_info_qq":"","contact_info_wx":"","name":"sherrie","uid":10698,"openid":"oaj3I5c7DlyYQ2-bYsOY15M-0Mes","student_auth":true,"total_transaction":0,"total_release":0,"create_time":{"$date":"2020-10-31T06:31:04.71Z"},"update_time":{"$date":"2020-10-31T06:31:04.71Z"},"is_deleted":false}
{"_id":"4c86bd845f9d04de00032cef27a45e12","avatar_url":"https://thirdwx.qlogo.cn/mmopen/vi_32/KZEI3yuCfgfuPcxfY9u02T52nkfFyI9IiaibebV7CnnasVfh8j3mcwHlQNnyl6zVZMnJY4dnVQeTaGl4rCdUEoWg/132","contact_info_qq":"","contact_info_wx":"","name":"汤尼","uid":10698,"openid":"oaj3I5YsOKyoN7RMb9uapJFiRTjo","student_auth":true,"total_transaction":0,"total_release":0,"create_time":{"$date":"2020-10-31T06:31:58.909Z"},"update_time":{"$date":"2020-10-31T06:44:31.54Z"},"is_deleted":false}
{"_id":"d232df4c5f9d08b60003188f2f3cb7ee","avatar_url":"https://thirdwx.qlogo.cn/mmopen/vi_32/Q3auHgzwzM4mTFhmwSXzSPG2fOc2ejOo616Rp63RoC3x9JyHjicxib7kZVsQNhPtmNEbNzbpHLA9k6O81El667Og/132","contact_info_qq":"","contact_info_wx":"lixuan527","name":"璇儿","uid":10246,"openid":"oaj3I5SEg2HRonQZts7gi4LuszJQ","student_auth":true,"total_transaction":0,"total_release":0,"create_time":{"$date":"2020-10-31T06:48:22.451Z"},"update_time":{"$date":"2020-10-31T06:48:22.451Z"},"is_deleted":false}
